SET FOREIGN_KEY_CHECKS=0;
SET SQL_MODE = "NO_AUTO_VALUE_ON_ZERO";

/*!40101 SET @OLD_CHARACTER_SET_CLIENT=@@CHARACTER_SET_CLIENT */;
/*!40101 SET @OLD_CHARACTER_SET_RESULTS=@@CHARACTER_SET_RESULTS */;
/*!40101 SET @OLD_COLLATION_CONNECTION=@@COLLATION_CONNECTION */;
/*!40101 SET NAMES utf8 */;


INSERT INTO `category` (`id`, `parent`, `slug`, `title`, `description`, `image`, `rank`, `created_at`, `updated_at`) VALUES
(1, NULL, 'main', 'Main', 'В ТЕХНОПОЛИС потребителите ще намерят над 25 000 уреди и аксесоари за дома, офиса и автомобила. Хипермаркетите от веригата са обзаведени и подредени с идеята да са уютни и удобни за клиентите.', 'user.png', 1, '2017-07-08 14:52:27', '2017-07-09 02:44:20'),
(2, 1, 'beeswax', 'Beeswax', 'Beeswax is produced by the honeybees wax glands it comes out in plates or flakes and is initially transparent in color. The honeybees then chew the wax and add some of their enzymes to it and then use the wax to make hexagonal cells to store honey.', 'blog_800-Beeswax-Block-175g-1-300x300.jpg', 2, '2017-07-08 14:53:04', '2017-07-09 02:57:48'),
(3, 1, 'beeswax-candles', 'BEESWAX CANDLES', 'Honeybees visit over 2 million flowers to make a single pound of honey. Thus the tiny droplets of flower nectar that they collect impregnate the hexagonal beeswax cells with a delicious natural perfume a veritable bouquet of nature’s natural scent.', 'blog_beehive-candle-w-bee.jpg', 3, '2017-07-09 02:48:42', '2017-07-09 02:54:07'),
(4, 1, 'electronics', 'Electronics', 'TV, radio etc', 'demo.jpg', 1, '2017-07-09 02:53:55', '2017-07-09 02:53:55');

INSERT INTO `category_product` (`category_id`, `product_id`) VALUES
(1, 3),
(2, 3),
(2, 10),
(2, 11),
(3, 4),
(4, 1),
(4, 2);

INSERT INTO `product` (`id`, `slug`, `title`, `sub_title`, `description`, `image`, `price`, `rank`, `created_at`, `updated_at`) VALUES
(1, 'samsung-tv-65-inch', 'Samsung TV 65-Inch', 'Samsung Electronics UN65MU8000 65-Inch 4K Ultra', 'Brand Name: Samsung\r\nModel Number: UN65MU8000FXZA\r\nDisplay Technology: LED\r\nDisplay Size: 64.5 inches\r\nImage Aspect Ratio: 16:9', 'Th2file_7830.jpg', 569, 1, '2017-07-08 14:54:12', '2017-07-09 02:50:38'),
(2, 'sony-tv-64-5-4k', 'Sony TV 64.5" 4K', 'Sony XBR65X750D 64.5" 4K Ultra HD Smart LED TV (2016)', 'Upgrade to the stunning clarity and detail of 4K. Android TV opens a world of entertainment and connectivity, and Motionflow XR keeps the action on screen moving as clear as real life. Everything is upscaled to impressive 4K Ultra HD, while optimized colors and enhanced contrast take picture quality to the next level.', 'demo.jpg', 350, 2, '2017-07-08 14:55:00', '2017-07-09 02:51:26'),
(3, 'beeswax', 'BEESWAX', 'BEESWAX soap', 'Beeswax is produced by the honeybees wax glands it comes out in plates or flakes and is initially transparent in color. The honeybees then chew the wax and add some of their enzymes to it and then use the wax to make hexagonal cells to store honey. The wax at this point is white in color and often is used to cap the hexagonal cells laden with pure honey. This is known as honeycomb. Depending on the type of nectar that the honeybees have collected the color of the beeswax can change. If the honeybees are storing the buckwheat flower’s nectar in a cell then this dark nectar will change the color of the wax from white to dark brown. Acacia nectar can color the wax to a golden orange or brown etc. Propolis a resinous healing substance that the bees collect from flowers and tree buds can further color the beeswax.', 'blog_800-Beeswax-Block-175g-1-300x300.jpg', 12, 2, '2017-07-08 22:41:17', '2017-07-09 02:52:27'),
(4, 'beeswax-candles', 'BEESWAX CANDLES', 'BEESWAX CANDLES', 'Honeybees visit over 2 million flowers to make a single pound of honey. Thus the tiny droplets of flower nectar that they collect impregnate the hexagonal beeswax cells with a delicious natural perfume a veritable bouquet of nature’s natural scent. When the beeswax isburned as a candle it releases this wonderful natural odour into the air purifying the atmosphere. The beeswax flame is the closest there is to pure sunlight. Many spiritual traditions laud the power of the beeswax candles to drive away impure and undesirable entities. It is important to trim the wick of your beeswax candle. Beeswax candles burn purer and longer than conventional paraffin candles. Enjoy your beeswax candles these wonderful gifts from the blessed honeybee. Please do not leave burning candles unattended.', 'blog_beehive-candle-w-bee.jpg', 8, 4, '2017-07-08 22:43:14', '2017-07-09 02:53:08'),
(10, 'pollen', 'POLLEN', 'ALLERGIES', 'One of the foods that the bee nourishes herself with is pollen. Essentially there are two types of pollen. A sticky pollen the one that the bees collect from the stamen, which is the male part of flowers and an airborne pollen the one that people are usually allergic to. When collecting sticky pollen, a minute amount of airborne pollen is attached. By ingesting the bee pollen minute amounts of the airborne pollen are ingested as well. This is why bee pollen can be good for people who have airborne pollen allergies. This then works like a vaccine giving the person an eventual immunity to the airborne pollen that they can be allergic too. This line of healing reasoning is similar to a homeopathic remedy where a minute amount of the thing that a person is ill with is used to heal them. For the bee pollen to be effective against allergies it is important that one purchase local bee pollen, because the local bee pollens will contain minute amounts of the airborne pollens from the plants that people are allergic to.\r\n\r\nThe solar nature of plants that transform sunlight to grow themselves is reflected in the healing composition of bee pollen. The sun gives us light, life and warmth, essentials for us to exist. Bee pollen has been called vegetal gold because of its ultimate solar nature and it too, like the sun, gives us life, health and strength.\r\n\r\nIn the Ying and Yang of Chinese Medicine, bee pollen represents the Yang or masculine energy. As humans, we have both the masculine and feminine principles. In our physical bodies we incarnate as either one or the other. But we constantly use one principle or the other. When we speak, for example we are emissive or masculine and when we listen we are receptive or feminine, etc. Thus both principles regardless of the gender that we are physically are equally important to us. Hence, bee pollen, while representing predominately masculine qualities and strengthening the masculine qualities in us, is good for both men and women.\r\n\r\nScientific analysis of bee pollen has shown it to be a super food. “It contains over 180 known nutritional ingredients including at least 22 amino acids, 18 vitamins, 25 minerals, 59 trace elements, 11 enzymes or co-enzymes, 14 fatty acids, 11 carbohydrates and approximately 25% protein. Bee pollen is extremely rich in carotenes, which are metabolic precursors of vitamin A. It is also high in B complex and vitamins C, D, E, and Lecithin.” (Bee Products: Medicine From the Hive by C. Leigh Broadhurst Ph.D)\r\n\r\nThere are 22 basic elements in the human body. Enzymes, hormones, vitamins, amino acids and others which must be renewed by nutrient intake. No one food contains them all except bee pollen!\r\n\r\nDr. Maurice Hanssen, British researcher says: “Pollen should be part of the ideal ‘athletes diet’, a diet pattern which produces maximum performance with no harmful side effects. Pollen is rich in micro-elements that may not be present in the normal diet. The prescription of pollen allows the trace elements to be incorporated in the body without excessive loss.”\r\nDr. Howard H. Hillman, Director, Lee Foundation for Nutrional research says: “Virgil, Hippocrates and Pliny all considered pollen to contain the secret against old age”.', 'blog_800-Pollen-500g.jpg', 21, 1, '2017-07-09 02:56:34', '2017-07-09 02:56:34'),
(11, 'propolis', 'PROPOLIS', 'APITHERAPY', 'Health is wealth! Good health is the basis of all our other acquisitions! One way to improve our health is with apitherapy, which is healing with bee products. Ancient wisdom from many different cultures and faiths have long extolled the health and healing properties of the honeybee and her hive products. Scientific studies verify this ancient wisdom.', 'blog_Bee-Pollen-Buzz-Propolis-30ml-300x300.jpg', 11, 2, '2017-07-09 02:57:26', '2017-07-09 02:57:26');
SET FOREIGN_KEY_CHECKS=1;

/*!40101 SET CHARACTER_SET_CLIENT=@OLD_CHARACTER_SET_CLIENT */;
/*!40101 SET CHARACTER_SET_RESULTS=@OLD_CHARACTER_SET_RESULTS */;
/*!40101 SET COLLATION_CONNECTION=@OLD_COLLATION_CONNECTION */;
